Segment of payment,Segment of payment
101699,0.00835
101799,0.6697
101899,0.0078
101999,0.00155
102099,0.13275
102199,0.1324
102299,0.04485
102499,0.00235
153199,0.00025
